listing_id,card_name,price,date_sold,grading_company,grade,set,rarity,auction_house,sale_type,split,grade_numeric,card_name_encoded,rarity_encoded,roll_mean_7d,roll_median_7d,roll_std_7d,roll_count_7d,roll_mean_14d,roll_median_14d,roll_std_14d,roll_count_14d,roll_mean_30d,roll_median_30d,roll_std_30d,roll_count_30d,momentum_abs_7d,momentum_pct_7d,momentum_abs_14d,momentum_pct_14d,card_volume_7d,card_volume_14d,card_volume_30d,market_volume_7d,market_volume_14d,market_volume_30d,roll_cv_7d,roll_cv_14d,roll_cv_30d,day_of_week,month,days_since_start
ebay-397367566567,Blastoise,100.34,2025-12-14,PSA,10,,Prism,eBay,Auction,test,10,0,1,,,,1,1260.19,1260.19,1608.9366277762465,2,1456.7933333333333,1850.0,1187.5593240479961,3,,,,,1,2,3,11,23,68,,1.276741307085635,0.8151872313492164,6,12,1808
ebay-365736853497,Venusaur,910.0,2025-07-25,PSA,10,Pocket Monsters JP,Prism,eBay,Auction,val,10,6,1,,,,0,,,,1,477.5,477.5,31.81980515339464,2,,,,,0,1,2,14,30,72,,,0.06663833539977936,4,7,1666
313177132535225189,Lugia,300.0,2023-01-09,PSA,9,,Holo,eBay,Auction,train,9,2,0,,,,1,170.5,170.5,198.69700551341987,2,154.83333333333334,123.5,143.09641272000263,3,,,,,1,2,3,12,24,42,,1.165378331457008,0.9241964223035691,0,1,738
goldin-202602-1718-0651-ca6b11f4-82e1-4d60-b15e-946513f2c288,Lugia,519.0,2026-03-16,PSA,8,Japanese Neo Genesis,Holo,Goldin Auctions,Auction,test,8,2,0,911.7128571428572,315.0,1339.945833665355,7,1400.8646666666668,769.99,1479.4241578970934,15,1895.795652173913,775.0,2095.6439701173786,23,-917.1596428571428,-50.14891102890676,-1422.9265833333334,-50.39064354822026,7,15,23,74,154,275,1.4697015876956065,1.0560792866718223,1.1054165926133965,0,3,1900
-428252184795949595,Lugia,75.0,2024-01-18,PSA,9,Neo Revelation,Standard,eBay,Auction,train,9,2,2,173.0075,167.01999999999998,40.036551945274546,4,173.0075,167.01999999999998,40.036551945274546,4,169.32375,154.135,34.861869033372265,8,,,7.367500000000007,4.447899058198508,4,4,8,9,14,29,0.2314151233054899,0.2314151233054899,0.20588883150398138,3,1,1112
857372819310699550,Lugia,91.0,2023-12-13,PSA,8,Japanese Neo Genesis,Holo,eBay,Auction,train,8,2,0,129.25,129.25,102.17692988145612,2,129.25,129.25,102.17692988145612,2,129.25,129.25,102.17692988145612,2,,,,,2,2,2,12,20,20,0.7905371750983066,0.7905371750983066,0.7905371750983066,2,12,1076
ebay-377091273424,Pikachu,1125.0,2026-04-11,PSA,10,,Standard,eBay,Auction,test,10,4,2,2903.1276923076925,2600.0,1940.9632968586923,13,3742.3168181818182,2450.0,5090.337556665931,22,3399.5097674418603,2600.0,3775.56115259547,43,-2051.3511965811963,-41.403974920180566,705.5826076555027,23.23491483745012,13,22,43,94,178,338,0.6685766189346715,1.3602102130783893,1.1106192983338858,5,4,1926
ebay-356741502572,Blastoise,397.65,2025-05-07,PSA,9,Japanese Basic (Base Set JP),Holo,eBay,FixedPrice,val,9,0,0,,,,1,,,,1,32.495000000000005,32.495000000000005,3.5284628381208734,2,,,,,1,1,2,17,38,76,,,0.10858479267951601,2,5,1587
3103966578048827481,Pikachu,15.5,2023-03-05,PSA,8,Japanese Basic (Base Set JP),Standard,eBay,Auction,train,8,4,2,,,,1,90.525,90.525,106.10137251704145,2,68.2625,46.0,66.55818726247485,4,,,44.525000000000006,96.79347826086958,1,2,4,13,34,74,,1.172067081105125,0.9750329575165697,6,3,793
ebay-306860843281,Blastoise,674.99,2026-04-06,PSA,9,Japanese Basic (Base Set JP),Holo,eBay,FixedPrice,test,9,0,0,623.0,623.0,16.97056274847714,2,623.6666666666666,625.0,12.055427546683417,3,433.628125,489.5,149.09584600601724,16,,,254.38939393939387,68.88845123357251,2,3,16,91,147,320,0.027240068617138263,0.01932992124000548,0.343833431021148,0,4,1921
fanatics-weekly-5281783,Pikachu,86.4,2025-08-25,PSA,10,,Standard,Fanatics Collect,Auction,val,10,4,2,,,,1,800.0,800.0,424.26406871192853,2,616.665,474.995,436.65470723444633,6,,,500.00333333333333,166.6696296625518,1,2,6,30,57,111,,0.5303300858899107,0.7080906281926919,0,8,1697
ebay-137009398550,Venusaur,487.55,2026-02-10,PSA,9,,Standard,eBay,Auction,test,9,6,2,365.0,365.0,21.213203435596427,2,335.0,350.0,54.08326913195984,3,603.192,350.0,618.9448314026057,5,,,-670.48,-66.68257946453436,2,3,5,24,52,125,0.05811836557697651,0.16144259442376072,1.0261157830385776,1,2,1866
ebay-267415392153,Pikachu,2400.0,2026-01-12,PSA,10,Pocket Monsters JP,Prism,eBay,BestOffer,test,10,4,1,811.6633333333333,800.0,682.569740051032,3,681.2475,545.0,615.3325320710745,4,642.7128571428572,550.0,441.10888356180595,7,,,89.91416666666657,15.205326944757594,3,4,7,20,38,78,0.840951798632888,0.9032437287051689,0.6863234159072684,0,1,1837
ebay-236412005914,Pikachu,160.0,2025-10-30,PSA,8,Pocket Monsters JP,Prism,eBay,BestOffer,test,8,4,1,,,,0,,,,1,203.66666666666666,100.0,189.16218790586382,3,,,,,0,1,3,26,49,88,,,0.9287832466736358,3,10,1763
-3637818406568137925,Blastoise,130.39,2021-09-17,PSA,9,Japanese Team Rocket,Holo,eBay,Auction,train,9,0,0,,,,0,256.25,256.25,146.7246570962086,2,234.0,217.5,99.51281324533036,6,,,33.375,14.974761637689287,0,2,6,9,22,38,,0.5725840276925214,0.425268432672352,4,9,259
ebay-317315494639,Pikachu,600.0,2025-10-03,PSA,10,Japanese Basic (Base Set JP),Standard,eBay,BestOffer,test,10,4,2,,,,1,300.4,138.0,281.75751986415554,5,375.4983333333333,422.495,262.3070234679317,12,,,-82.79600000000005,-21.606697355922307,1,5,12,18,39,93,,0.9379411446876017,0.6985570911577905,4,10,1736
ebay-116087434253,Lugia,925.88,2025-01-03,PSA,10,,Prism,eBay,BestOffer,train,10,2,1,,,,0,,,,0,692.2325,684.5,46.35611673051718,4,,,,,0,0,4,13,25,79,,,0.06696610854086912,4,1,1463
-8870380379069385849,Lugia,82.0,2021-06-21,PSA,9,,Standard,eBay,Auction,train,9,2,2,,,,0,,,,0,,,,0,,,,,0,0,0,7,12,27,,,,0,6,171
-3176927263488633703,Venusaur,407.0,2021-07-28,PSA,9,Japanese Basic (Base Set JP),Holo,eBay,Auction,train,9,6,0,353.875,353.875,38.00698948877693,2,340.54333333333335,327.0,35.43255047739766,3,340.54333333333335,327.0,35.43255047739766,3,,,,,2,3,3,13,23,28,0.10740230162847596,0.10404711239117193,0.10404711239117193,2,7,208
ebay-356653598896,Pikachu,299.99,2025-04-01,PSA,10,Japanese Basic (Base Set JP),Standard,eBay,BestOffer,val,10,4,2,,,,0,1467.6666666666667,320.0,2196.2641765810713,3,518.545,230.75,1101.2545991607603,12,,,1228.5600000000002,513.8125243963643,0,3,12,9,29,86,,1.496432552746585,2.123739693104283,1,4,1551
ebay-364929129246,Lugia,163.0,2025-05-19,PSA,10,Neo Revelation,Standard,eBay,BestOffer,val,10,2,2,,,,1,,,,1,755.0,755.0,671.7514421272201,2,,,,,1,1,2,32,52,93,,,0.8897370094400266,0,5,1599
ebay-134421233597,Venusaur,179.99,2026-02-23,PSA,8,Pocket Monsters JP,Prism,eBay,FixedPrice,test,8,6,1,,,,1,129.99,129.99,7.071067811865485,2,129.99,129.99,7.071067811865485,2,,,,,1,2,2,59,95,152,,0.054397013707712015,0.054397013707712015,0,2,1879
270902132601556857,Venusaur,380.75,2021-07-26,PSA,9,Japanese Basic (Base Set JP),Holo,eBay,Auction,train,9,6,0,,,,1,320.44,320.44,9.277240969167506,2,320.44,320.44,9.277240969167506,2,,,,,1,2,2,12,23,26,,0.028951569620420378,0.028951569620420378,0,7,206
3500168902332809752,Blastoise,57.0,2024-09-22,PSA,8,Japanese Team Rocket,Holo,eBay,Auction,train,8,0,0,,,,1,51.75,54.0,9.742518497116988,4,61.9375,57.5,22.20108990246071,8,,,-30.41666666666667,-37.01825557809331,1,4,8,22,57,111,,0.18826122699742973,0.35844342930309925,6,9,1360
-4339986315175807888,Lugia,600.0,2021-05-18,PSA,8,Neo Genesis,Holo,eBay,Auction,train,8,2,0,,,,0,,,,1,475.0,475.0,49.49747468305833,2,,,,,0,1,2,6,16,34,,,0.10420520985907017,1,5,137
-1137322086897652761,Blastoise,24.5,2024-12-09,PSA,9,,Standard,eBay,Auction,train,9,0,2,,,,0,,,,1,62.166666666666664,26.0,76.45968436590184,3,,,,,0,1,3,41,70,127,,,1.2299144938214772,0,12,1438
ebay-376835668141,Blastoise,3000.0,2026-01-21,PSA,10,Pocket Monsters JP,Prism,eBay,FixedPrice,test,10,0,1,,,,0,,,,0,,,,1,,,,,0,0,1,30,61,105,,,,2,1,1846
ebay-358283330854,Blastoise,182.52,2026-03-11,PSA,9,Japanese Team Rocket,Holo,eBay,Auction,test,9,0,0,490.0,480.0,31.22498999199199,3,373.66,435.0,162.17786871210265,11,325.07130434782607,289.0,159.40603245983192,23,159.96749999999997,48.470226417095276,93.12833333333339,33.197084108151806,3,11,23,81,141,256,0.06372446937141223,0.4340252333996217,0.49037251313105007,2,3,1895
2247491395187903983,Lugia,787.0,2023-10-18,PSA,10,,Holo,eBay,Auction,train,10,2,0,,,,1,1014.165,1014.165,298.1657164229315,2,757.2075,841.665,462.3964917236433,4,,,,,1,2,4,20,32,60,,0.29400118957263516,0.6106602110037781,2,10,1020
-8049033669388080485,Venusaur,173.5,2024-10-27,PSA,9,Japanese Basic (Base Set JP),Holo,eBay,Auction,train,9,6,0,467.69,562.41,339.72226553465697,3,381.0175,341.705,327.0921901008949,4,323.97076923076924,370.0,224.18985166823597,13,,,-10.990833333333399,-2.803724410620539,3,4,13,29,49,113,0.7263834281995701,0.8584702542557624,0.69200641835851,6,10,1395
-2326120874004758485,Mewtwo,51.99,2024-11-15,PSA,9,Pocket Monsters JP,Prism,eBay,Auction,train,9,3,1,56.99,30.0,47.18172633552104,3,65.4925,60.5,42.10993815795348,4,70.18818181818182,76.0,28.9865281874811,11,,,-7.37892857142856,-10.125955694961757,3,4,11,24,44,98,0.8278948295406394,0.6429734421186163,0.4129830327072572,4,11,1414
-4165852686431159814,Blastoise,310.0,2021-10-01,PSA,10,Japanese Team Rocket,Holo,eBay,Auction,train,10,0,0,228.75,228.75,37.123106012293746,2,875.325,852.76,749.1784959318218,4,875.325,852.76,749.1784959318218,4,-1293.15,-84.96944608712793,,,2,4,4,8,20,43,0.1622868022395355,0.8558860948011559,0.8558860948011559,4,10,273
4238234180087676020,Mewtwo,50.13,2023-03-08,PSA,8,Pocket Monsters JP,Prism,eBay,Auction,train,8,3,1,,,,1,203.33,203.33,238.05456895426312,2,98.53000000000002,43.760000000000005,134.1792984032932,6,,,153.82333333333335,310.7123619714517,1,2,6,29,37,91,,1.1707793682892986,1.3618116147700514,2,3,796
8676279992553509583,Lugia,261.83,2021-03-29,PSA,10,Legendary Collection,Standard,eBay,Auction,train,10,2,2,,,,0,,,,0,,,,1,,,,,0,0,1,6,8,29,,,,0,3,87
5805404403064430380,Pikachu,20.5,2024-12-25,PSA,9,Japanese Basic (Base Set JP),Standard,eBay,Auction,train,9,4,2,,,,0,317.5,317.5,342.94678887547553,2,221.07142857142858,90.89,235.51353056873907,7,,,118.0,59.14786967418546,0,2,7,12,32,113,,1.0801473665369308,1.0653277634773335,2,12,1454
-5834115467315883946,Venusaur,131.0,2023-10-16,PSA,9,Japanese Basic (Base Set JP),Holo,eBay,Auction,train,9,6,0,,,,1,81.16666666666667,96.0,55.263761483754735,3,118.75,127.5,52.03829519370006,7,,,-65.77083333333333,-44.761094569686655,1,3,7,15,26,53,,0.6808676979518037,0.43821722268379,0,10,1018
-7274271645971754501,Mewtwo,38.0,2024-11-04,PSA,8,Pocket Monsters JP,Prism,eBay,Auction,train,8,3,1,,,,1,58.0,58.0,4.242640687119285,2,58.0,58.0,4.242640687119285,2,,,,,1,2,2,17,43,116,,0.0731489773641256,0.0731489773641256,0,11,1403
-1166716215180192957,Mewtwo,147.5,2022-10-24,PSA,10,,Standard,eBay,Auction,train,10,3,2,,,,0,,,,0,,,,0,,,,,0,0,0,10,10,13,,,,0,10,661
-1371624822162012936,Lugia,131.5,2024-01-16,PSA,9,Japanese Neo Genesis,Holo,eBay,Auction,train,9,2,0,186.84333333333333,175.79,35.437360699314695,3,177.0125,167.01999999999998,34.98264557843884,4,174.72714285714284,158.25,33.84384912815804,7,,,5.33250000000001,3.1060694315004724,3,4,7,10,14,33,0.18966350079022368,0.19762810862757627,0.19369543034208955,1,1,1110
ebay-276994512673,Venusaur,1000.0,2026-02-02,PSA,10,,Holo,eBay,FixedPrice,test,10,6,0,,,,1,1770.4375,965.0,1760.5946279666425,4,1225.7175,774.99,1292.4549718241087,8,,,1089.44,159.9770924269179,1,4,8,25,55,124,,0.9944404295360003,1.0544476780531475,0,2,1858
ebay-406348958943,Blastoise,349.99,2025-11-25,PSA,9,Japanese Basic (Base Set JP),Holo,eBay,FixedPrice,test,9,0,0,209.99333333333334,174.99,78.58689479380982,3,211.996,200.0,56.63894446403464,5,191.356,164.99,62.38213155846614,10,-5.006666666666661,-2.3286821705426326,41.28,24.180510321235268,3,5,10,18,44,110,0.37423518902414277,0.2671698733185279,0.3260003948580977,1,11,1789
-899911581816941189,Lugia,217.92,2024-12-08,PSA,9,Japanese Neo Genesis,Holo,eBay,Auction,train,9,2,0,83.752,31.0,82.36665751382655,5,100.53,126.7,73.66708763077308,7,121.06363636363636,152.5,63.98936681554636,11,-58.723,-41.21635374627128,-55.97,-35.763578274760384,5,7,11,37,62,118,0.9834589921891603,0.7327871046530695,0.5285597619366299,6,12,1437
-4621060527503384585,Pikachu,250.5,2023-02-13,PSA,10,Japanese Basic (Base Set JP),Standard,eBay,Auction,train,10,4,2,,,,0,,,,0,,,,0,,,,,0,0,0,18,28,56,,,,0,2,773
9015313122812041552,Mewtwo,159.0,2021-10-28,PSA,9,Japanese Basic (Base Set JP),Holo,eBay,Auction,train,9,3,0,,,,0,,,,1,122.75,122.75,43.487067042972676,2,,,,,0,1,2,11,22,42,,,0.3542734585985554,3,10,300
4229069248664087522,Pikachu,70.0,2022-01-02,PSA,8,,Standard,eBay,Auction,train,8,4,2,,,,0,,,,0,,,,1,,,,,0,0,1,12,20,46,,,,6,1,366
ebay-206025439729,Pikachu,20000.0,2026-02-28,PSA,10,,Standard,eBay,BestOffer,test,10,4,2,8425.3,6274.0,6558.734245264097,10,6390.103571428571,4125.0,6424.406933132914,14,5660.215625,3150.0,6306.709327684783,16,7123.187499999999,547.048546112567,,,10,14,16,58,108,176,0.7784570573468123,1.0053682012068974,1.114217150991449,5,2,1884
-8478109306878738187,Blastoise,15.5,2024-09-23,PSA,9,,Prism,eBay,Auction,train,9,0,1,89.27,89.27,88.06307852897262,2,68.13499999999999,29.384999999999998,73.42368167015326,6,77.86923076923077,78.0,52.63546197852079,13,31.7025,55.070135058843974,-27.280000000000015,-28.590892417334814,2,6,13,28,59,117,0.9864801000220973,1.0776206306619691,0.6759468593507559,0,9,1361
ebay-357604162778,Mewtwo,80.0,2025-10-03,PSA,8,Japanese Basic (Base Set JP),Holo,eBay,BestOffer,test,8,3,0,,,,0,,,,0,646.7066666666666,90.37,964.1403583676671,3,,,,,0,0,3,18,39,93,,,1.4908464811985864,4,10,1736
ebay-306762756412,Lugia,881.0,2026-02-19,PSA,10,Neo Revelation,Standard,eBay,BestOffer,test,10,2,2,,,,0,,,,1,1889.327142857143,2450.0,1238.530711161607,7,,,,,0,1,7,46,75,137,,,0.6555406329941535,3,2,1875
-3950716647738645636,Pikachu,333.0,2024-07-08,PSA,10,Pocket Monsters JP,Standard,eBay,Auction,train,10,4,2,254.454,255.0,102.86979916379734,5,244.40875,238.25,79.19629887410865,8,231.35583333333332,238.25,99.22711024882935,12,26.78733333333335,11.766032210834561,-0.5912500000000023,-0.2413265306122458,5,8,12,13,27,65,0.4042766046664518,0.3240321750923756,0.42889391989466163,0,7,1284
-3265621615760666212,Venusaur,51.0,2024-09-02,PSA,8,Pocket Monsters JP,Prism,eBay,Auction,train,8,6,1,,,,0,8.942499999999999,8.885,1.2661852155194357,4,284.154,9.27,615.3925991430186,5,,,,,0,4,5,15,37,81,,0.14159186083527378,2.1657009901075424,0,9,1340
-2881507417237785937,Lugia,147.5,2024-11-17,PSA,9,Japanese Neo Genesis,Holo,eBay,Auction,train,9,2,0,,,,0,160.68333333333334,160.0,2.6031583381218515,3,115.11285714285714,158.49,63.61804453514891,7,,,63.80333333333334,65.85810624827967,0,3,7,24,49,101,,0.016200549765305577,0.5526580272106162,6,11,1416
ebay-357809239812,Lugia,540.0,2025-11-04,PSA,8,Neo Genesis,Holo,eBay,Auction,test,8,2,0,,,,0,,,,1,,,,1,,,,,0,1,1,34,57,104,,,,1,11,1768
ebay-136779351645,Rayquaza,149.99,2025-12-13,PSA,8,,Standard,eBay,FixedPrice,test,8,5,2,,,,0,,,,0,,,,0,,,,,0,0,0,8,21,71,,,,5,12,1807
-3392950215972061667,Blastoise,127.5,2021-08-22,PSA,8,Japanese Basic (Base Set JP),Holo,eBay,Auction,train,8,0,0,128.5,128.5,33.94112549695428,2,128.5,128.5,33.94112549695428,2,133.5742857142857,128.5,34.721443353804126,7,,,1.4933333333333394,1.1757912970447795,2,2,7,7,18,58,0.26413327234983874,0.26413327234983874,0.25994107449747483,6,8,233
-6638366498608846071,Mewtwo,98.74,2023-07-09,PSA,9,Japanese Basic (Base Set JP),Holo,eBay,Auction,train,9,3,0,93.005,96.25999999999999,11.872100347734037,4,93.005,96.25999999999999,11.872100347734037,4,81.20599999999999,91.0,28.315933323837303,5,,,,,4,4,5,8,16,21,0.12765013007616835,0.12765013007616835,0.34869262522273364,6,7,919
ebay-155689950965,Rayquaza,699.99,2026-03-16,PSA,10,,Holo,eBay,FixedPrice,test,10,5,0,,,,0,2011.995,2011.995,1855.4552649013126,2,2147.3233333333333,2297.29,992.123177648152,6,,,-202.9925000000003,-9.16449867098574,0,2,6,74,154,275,,0.9221967573981609,0.46202784752869946,0,3,1900
2546845131096131365,Blastoise,210.5,2023-03-26,PSA,10,Japanese Team Rocket,Holo,eBay,Auction,train,10,0,0,,,,1,379.14,249.53,316.27974611093896,4,379.14,249.53,316.27974611093896,4,,,,,1,4,4,39,81,133,,0.8342030545733475,0.8342030545733475,6,3,814
ebay-157681021400,Mewtwo,1400.0,2026-02-14,PSA,10,,Standard,eBay,FixedPrice,test,10,3,2,1107.6733333333334,1125.0,100.14060182230448,3,1407.902857142857,1125.0,952.4148942156509,7,1233.12,1125.0,907.1281437591933,11,-525.4016666666666,-32.17253749317494,216.56952380952384,18.17875129906468,3,7,11,32,64,124,0.0904062586041954,0.6764777053925755,0.73563655099195,5,2,1870
fanatics-weekly-5834089,Mewtwo,2640.0,2026-03-30,PSA,10,,Standard,Fanatics Collect,Auction,test,10,3,2,,,,1,4199.995,4199.995,3111.276908288621,2,6114.141428571428,6400.0,5542.678100282175,7,,,-2679.8050000000003,-38.95178638913922,1,2,7,56,133,300,,0.7407810981414552,0.9065341659224956,0,3,1914
ebay-376943576144,Lugia,131.99,2026-03-13,PSA,8,Neo Revelation,Standard,eBay,FixedPrice,test,8,2,2,1721.87375,787.5,1535.3184552206333,8,2220.7319999999995,800.0,2365.215761266975,15,2137.9847619047614,800.0,2087.6276940719554,21,-1068.9819642857144,-38.30301791718772,289.6153333333327,14.997298626873883,8,15,21,75,143,256,0.8916556485169911,1.065061322693137,0.9764464795399467,4,3,1897
fanatics-vault-ae3e126d-76b9-46b7-8c30-16f2a9dabbec,Charizard,999.0,2026-01-04,PSA,9,Pocket Monsters JP,Prism,Fanatics Collect,FixedPrice,test,9,1,1,,,,1,,,,1,,,,1,,,,,1,1,1,13,33,63,,,,6,1,1829
-4500579994992232076,Blastoise,78.0,2024-08-27,PSA,9,Japanese Team Rocket,Holo,eBay,Auction,train,9,0,0,54.5,54.5,33.23401871576773,2,93.33333333333333,78.0,71.24839179471586,3,94.715,83.5,52.65797422993027,10,,,18.383333333333326,24.5274627529464,2,3,10,20,36,82,0.6097985085461969,0.7633756263719557,0.5559623526361217,1,8,1334
ebay-227220463519,Lugia,8500.0,2026-02-23,PSA,9,Neo Genesis,Holo,eBay,FixedPrice,test,9,2,0,744.995,744.995,820.250937244207,2,556.68,180.05,665.4272444828209,3,552.808,180.05,569.2357328646893,5,,,9.67999999999995,1.76965265082266,2,3,5,59,95,152,1.1010153588201357,1.1953496523726754,1.0297168869927522,0,2,1879
1420861374365559466,Venusaur,559.0,2024-09-03,PSA,10,Japanese Basic (Base Set JP),Holo,eBay,Auction,train,10,6,0,,,,1,443.775,443.775,216.05647699154957,2,384.51666666666665,291.0,184.05121796210238,3,,,,,1,2,3,24,44,91,,0.4868604067186065,0.47865602174704797,1,9,1341
ebay-236020072312,Mewtwo,45.0,2025-03-31,PSA,8,,Standard,eBay,Auction,val,8,3,2,,,,1,,,,1,,,,1,,,,,1,1,1,13,29,87,,,,0,3,1550
-7064320051837293655,Lugia,80.47,2023-10-22,PSA,9,Neo Revelation,Standard,eBay,Auction,train,9,2,2,50.5,50.5,7.7781745930520225,2,103.33666666666666,56.0,91.68091422609905,3,123.402,56.0,100.54217035652255,5,,,,,2,3,5,18,31,54,0.1540232592683569,0.8872060342514666,0.8147531673434997,6,10,1024
ebay-257199382079,Mewtwo,135.0,2026-01-16,PSA,10,,Standard,eBay,FixedPrice,test,10,3,2,896.6666666666666,660.0,695.8687615731384,3,673.5685714285713,650.0,489.2082646626953,7,597.0999999999999,608.92,471.2136692361545,9,390.4216666666666,77.12109090789373,344.10857142857134,104.44623669901394,3,7,9,31,59,92,0.7760618158808235,0.7262931873812546,0.7891704391829754,4,1,1841
ebay-406396987728,Lugia,185.0,2026-01-01,PSA,10,,Standard,eBay,FixedPrice,test,10,2,2,,,,1,,,,1,1130.0,1130.0,1032.3759005323593,2,,,,,1,1,2,10,28,52,,,0.9136069916215569,3,1,1826
-231258687380476633,Blastoise,81.0,2023-03-20,PSA,8,Japanese Basic (Base Set JP),Holo,eBay,Auction,train,8,0,0,63.25,67.5,14.997221964972935,4,69.78571428571429,71.0,35.66494210338908,7,64.55555555555556,71.0,36.02901993917928,9,-15.25,-19.426751592356688,23.535714285714292,50.8880308880309,4,7,9,35,73,118,0.23711022869522427,0.5110636534774279,0.5581087426034655,0,3,808
ebay-298176497809,Lugia,31.0,2026-04-08,PSA,8,,Standard,eBay,Auction,test,8,2,2,2944.4983333333334,4087.5,2168.8660996051985,6,1754.1507692307694,978.0,1828.9296420058624,13,1495.0364516129032,800.0,1627.9006260795902,31,2210.6454761904765,301.2382461515901,409.9054751131223,30.493353921851092,6,13,31,98,171,340,0.7365825529776827,1.04262967248128,1.0888701906387286,2,4,1923
ebay-277697417027,Lugia,364.72,2026-04-12,PSA,8,Japanese Neo Genesis,Holo,eBay,FixedPrice,test,8,2,0,1452.8172727272727,470.0,1849.1541064178014,11,1473.6644444444444,422.5,1811.9894087088928,18,1357.918,732.68,1589.5170823940057,35,-53.60701298701315,-3.5585600614235227,25.151587301587142,1.7363730792971905,11,18,35,99,179,337,1.272805700435068,1.2295807336194458,1.1705545418751395,6,4,1927
1694318284201527824,Lugia,880.0,2023-09-19,PSA,10,,Holo,eBay,Auction,train,10,2,0,205.75,205.75,120.56170619230635,2,205.75,205.75,120.56170619230635,2,205.75,205.75,120.56170619230635,2,,,,,2,2,2,7,13,25,0.5859621200112095,0.5859621200112095,0.5859621200112095,1,9,991
ebay-236272572238,Pikachu,320.0,2025-08-25,PSA,10,,Standard,eBay,Auction,val,10,4,2,,,,1,800.0,800.0,424.26406871192853,2,616.665,474.995,436.65470723444633,6,,,500.00333333333333,166.6696296625518,1,2,6,30,57,111,,0.5303300858899107,0.7080906281926919,0,8,1697
5700234286452262502,Mewtwo,91.0,2021-12-13,PSA,9,,Standard,eBay,Auction,train,9,3,2,,,,0,,,,0,111.83333333333333,109.5,10.692676621563628,3,,,,,0,0,3,18,22,41,,,0.09561260764438416,0,12,346
-2846366406237599507,Rayquaza,306.0,2024-10-21,PSA,10,,Holo,eBay,Auction,train,10,5,0,,,,1,,,,1,193.855,193.855,171.32490201368861,2,,,,,1,1,2,27,54,117,,,0.8837786077928793,0,10,1389
fanatics-weekly-5858457,Pikachu,4680.0,2026-04-13,PSA,10,Japanese Basic (Base Set JP),Standard,Fanatics Collect,Auction,test,10,4,2,2486.3035714285716,1962.5,1834.221338185633,14,3662.1423999999997,2600.0,4851.989848704068,25,3367.811333333333,2600.0,3741.2812125294004,45,-2672.3609740259735,-51.803348530981175,888.4539384615382,32.03149707623422,14,25,45,98,189,341,0.7377302431061274,1.324904746659788,1.1108939433452232,0,4,1928
-8448234586243246701,Lugia,1950.0,2021-02-28,PSA,8,Neo Genesis,Holo,eBay,Auction,train,8,2,0,,,,1,2256.96,2200.0,273.48424171543536,4,2256.96,2200.0,273.48424171543536,4,,,,,1,4,4,3,8,33,,0.12117372116273012,0.12117372116273012,6,2,58
ebay-297191710974,Rayquaza,124.5,2025-04-16,PSA,9,,Holo,eBay,Auction,val,9,5,0,,,,0,,,,0,,,,1,,,,,0,0,1,15,30,66,,,,2,4,1566
-367047772700330664,Pikachu,78.0,2023-03-26,PSA,9,,Standard,eBay,Auction,train,9,4,2,,,,1,72.89666666666666,94.0,38.29715437644595,3,76.26166666666667,95.0,37.892742532926626,6,,,-6.730000000000004,-8.45194239785667,1,3,6,39,81,133,,0.5253622165135026,0.49687797538641026,6,3,814
-8882946935593326205,Charizard,146.5,2024-07-09,PSA,9,Japanese Team Rocket,Holo,eBay,Auction,train,9,1,0,,,,0,,,,0,710.0,685.0,85.2936105461599,3,,,,,0,0,3,16,27,73,,,0.12013184583966183,1,7,1285
ebay-197611931054,Blastoise,130.0,2025-08-12,PSA,9,Japanese Team Rocket,Holo,eBay,FixedPrice,val,9,0,0,,,,0,154.5,154.5,27.577164466275352,2,182.575,183.25,39.03915769241613,4,,,-56.150000000000006,-26.655589840968435,0,2,4,23,51,95,,0.17849297389174984,0.21382531941621874,1,8,1684
-8422131993242044307,Lugia,865.23,2024-08-01,PSA,8,Neo Genesis,Holo,eBay,Auction,train,8,2,0,,,,0,,,,1,1048.7366666666667,1030.21,119.08580114074614,3,,,,,0,1,3,13,31,65,,,0.11355167119239924,3,8,1308
ebay-306128365247,Blastoise,960.0,2025-02-25,PSA,10,Japanese Basic (Base Set JP),Holo,eBay,FixedPrice,train,10,0,0,405.7033333333334,330.0,349.75460544978296,3,416.52750000000003,389.5,286.3928066339423,4,508.685,407.5,335.2123436718881,6,,,-276.47249999999997,-39.895021645021636,3,4,6,22,48,94,0.8620944831193144,0.6875723850980843,0.6589782353949657,1,2,1516
ebay-257025179824,Lugia,10.0,2025-07-27,PSA,8,,Standard,eBay,Auction,val,8,2,2,,,,0,,,,0,,,,0,,,,,0,0,0,18,35,76,,,,6,7,1668
ebay-406706554536,Rayquaza,525.0,2026-02-21,PSA,8,,Holo,eBay,BestOffer,test,8,5,0,,,,1,546.6666666666666,600.0,101.15993936995679,3,399.998,430.0,218.8639989125667,5,,,,,1,3,5,50,82,143,,0.18504866957918925,0.5471627330950822,5,2,1877
1790317131501279986,Mewtwo,153.5,2021-10-08,PSA,9,,Standard,eBay,Auction,train,9,3,2,,,,0,,,,0,,,,1,,,,,0,0,1,7,15,40,,,,4,10,280
-7474142186178754313,Mewtwo,592.08,2024-03-09,PSA,10,Pocket Monsters JP,Prism,eBay,Auction,train,10,3,1,,,,0,,,,0,,,,0,,,,,0,0,0,5,5,5,,,,5,3,1163
1444457289483319652,Lugia,2391.0,2021-12-04,PSA,9,Neo Genesis,Holo,eBay,Auction,train,9,2,0,,,,0,,,,1,,,,1,,,,,0,1,1,7,19,29,,,,5,12,337
954997672945214117,Venusaur,45.0,2024-12-07,PSA,8,,Standard,eBay,Auction,train,8,6,2,,,,0,,,,0,,,,0,,,,,0,0,0,35,57,117,,,,5,12,1436
fanatics-weekly-5370936,Pikachu,138.0,2025-09-29,PSA,10,Pocket Monsters JP,Standard,Fanatics Collect,Auction,val,10,4,2,590.0,590.0,190.91883092036784,2,303.8,155.0,279.40060844600896,5,397.0890909090909,430.0,263.68949408175314,11,477.0,422.1238938053097,-171.02999999999992,-36.019206874039114,2,5,11,20,39,95,0.3235912388480811,0.9196860054180677,0.6640562536685801,0,9,1732
ebay-389660858581,Pikachu,4500.0,2026-02-23,PSA,10,Japanese Basic (Base Set JP),Standard,eBay,BestOffer,test,10,4,2,6726.1125,2386.0,8850.405573604618,4,4061.35,2133.45,7090.399285242452,7,3143.1400000000003,1449.975,5988.613754534517,10,6217.779166666667,1223.1696721311478,3060.7,305.8711837305751,4,7,10,59,95,152,1.315827764344503,1.7458232571047685,1.9052965361181864,0,2,1879
-7073086360579107358,Pikachu,19.0,2022-01-22,PSA,8,Japanese Basic (Base Set JP),Standard,eBay,Auction,train,8,4,2,,,,0,,,,1,36.666666666666664,23.5,29.078915614811592,3,,,,,0,1,3,7,20,40,,,0.7930613349494071,5,1,386
1242918341860888187,Mewtwo,130.0,2023-04-30,PSA,9,Pocket Monsters JP,Prism,eBay,Auction,train,9,3,1,,,,1,,,,1,,,,1,,,,,1,1,1,16,21,37,,,,6,4,849
6735354342147304502,Charizard,150.0,2024-08-16,PSA,9,Japanese Team Rocket,Holo,eBay,Auction,train,9,1,0,153.25,153.25,3.8890872965260113,2,152.875,153.25,8.479141072852446,4,145.07333333333332,147.5,33.98052236208267,9,0.75,0.49180327868852464,-1.164999999999992,-0.7562970656972163,2,4,9,15,37,71,0.025377404871295344,0.05546453686248534,0.2342299689496071,4,8,1323
3843835521189655907,Charizard,328.07,2024-11-17,PSA,9,Pocket Monsters JP,Prism,eBay,Auction,train,9,1,1,286.66,286.66,7.0710678118654755,2,286.66,286.66,7.0710678118654755,2,244.21750000000003,286.66,106.88305833168012,4,,,84.88500000000002,42.06913641432289,2,2,4,24,49,101,0.024667089276025518,0.024667089276025518,0.4376551980577973,6,11,1416
fanatics-weekly-5807369,Venusaur,408.0,2026-03-23,PSA,9,Japanese Basic (Base Set JP),Holo,Fanatics Collect,Auction,test,9,6,0,4652.786666666667,432.36,7664.605008513702,3,4652.786666666667,432.36,7664.605008513702,3,2020.41875,373.68,4645.264814331863,8,,,4211.788666666667,955.0584507563908,3,3,8,77,151,302,1.647314944272902,1.647314944272902,2.299159426397059,0,3,1907
ebay-296192863579,Pikachu,593.6,2025-04-29,PSA,9,,Standard,eBay,BestOffer,val,9,4,2,763.85,57.7,1424.1897193375141,4,552.0571428571428,74.4,1061.146214959941,7,456.9333333333333,80.0,938.4221278294751,9,494.18333333333334,183.25710754017302,428.0571428571428,345.20737327188937,4,7,9,20,38,76,1.8644887338319227,1.9221673493219098,2.053739701990389,1,4,1579
-5601241398761174818,Lugia,99.99,2024-12-17,PSA,8,Japanese Neo Genesis,Holo,eBay,Auction,train,8,2,0,,,,0,92.475,92.475,13.399673503485078,2,148.76818181818183,94.0,213.86335856420948,11,,,10.974999999999994,13.466257668711648,0,2,11,16,53,126,,0.14490049746942502,1.437561150176482,1,12,1446
-9211453658067470874,Blastoise,19.1,2024-05-31,PSA,9,,Prism,eBay,Auction,train,9,0,1,,,,0,,,,1,53.77333333333333,35.0,48.468176501012834,3,,,,,0,1,3,16,24,41,,,0.9013422359474244,4,5,1246
